[
  {
    "subject_type": 0,
    "visit_notify": false,
    "job_number": "\u90ed\u53f0\u9298",
    "title": "",
    "company_id": 1,
    "id": 4,
    "entry_date": null,
    "department": "",
    "email": "",
    "avatar": "photo/8c48afcd84c5b28aed5e97e078a7877dcad4bfe3.jpg",
    "password_reseted": false,
    "description": "",
    "pinyin": "000001",
    "start_time": 0,
    "interviewee": "",
    "phone": "",
    "birthday": null,
    "purpose": 0,
    "come_from": "",
    "remark": "HH",
    "name": "000001",
    "photos": [
      "photo/8c48afcd84c5b28aed5e97e078a7877dcad4bfe3.jpg"
    ],
    "gender": 0,
    "end_time": 0,
    "interviewee_pinyin": ""
  },
  {
    "subject_type": 0,
    "visit_notify": false,
    "job_number": "\u6234\u6b63\u5433",
    "title": "",
    "company_id": 1,
    "id": 5,
    "entry_date": null,
    "department": "",
    "email": "",
    "avatar": "photo/d343b7eb8973ee15e740e89c0a9edf93f8b54cd6.jpg",
    "password_reseted": false,
    "description": "",
    "pinyin": "000003",
    "start_time": 0,
    "interviewee": "",
    "phone": "",
    "birthday": null,
    "purpose": 0,
    "come_from": "",
    "remark": "HH",
    "name": "000003",
    "photos": [
      "photo/d343b7eb8973ee15e740e89c0a9edf93f8b54cd6.jpg"
    ],
    "gender": 0,
    "end_time": 0,
    "interviewee_pinyin": ""
  },
  {
    "subject_type": 0,
    "visit_notify": false,
    "job_number": "\u9ec3\u79cb\u84ee",
    "title": "",
    "company_id": 1,
    "id": 6,
    "entry_date": null,
    "department": "",
    "email": "",
    "avatar": "photo/92fca28db8baee4e3c0b4ab0e130fe961991b2d8.jpg",
    "password_reseted": false,
    "description": "",
    "pinyin": "000004",
    "start_time": 0,
    "interviewee": "",
    "phone": "",
    "birthday": null,
    "purpose": 0,
    "come_from": "",
    "remark": "HH",
    "name": "000004",
    "photos": [
      "photo/92fca28db8baee4e3c0b4ab0e130fe961991b2d8.jpg"
    ],
    "gender": 0,
    "end_time": 0,
    "interviewee_pinyin": ""
  },
  {
    "subject_type": 0,
    "visit_notify": false,
    "job_number": "\u7c21\u5b9c\u5f6c",
    "title": "",
    "company_id": 1,
    "id": 7,
    "entry_date": null,
    "department": "",
    "email": "",
    "avatar": "photo/99af3e709e94f17ce9e5760c30c038bfcb318f0b.jpg",
    "password_reseted": false,
    "description": "",
    "pinyin": "000005",
    "start_time": 0,
    "interviewee": "",
    "phone": "",
    "birthday": null,
    "purpose": 0,
    "come_from": "",
    "remark": "HH",
    "name": "000005",
    "photos": [
      "photo/99af3e709e94f17ce9e5760c30c038bfcb318f0b.jpg"
    ],
    "gender": 0,
    "end_time": 0,
    "interviewee_pinyin": ""
  },
  {
    "subject_type": 0,
    "visit_notify": false,
    "job_number": "\u76e7\u677e\u9752",
    "title": "",
    "company_id": 1,
    "id": 8,
    "entry_date": null,
    "department": "",
    "email": "",
    "avatar": "photo/6dcadcd83e9d9d4222f0d10ae223f250e7ab30b9.jpg",
    "password_reseted": false,
    "description": "",
    "pinyin": "000006",
    "start_time": 0,
    "interviewee": "",
    "phone": "",
    "birthday": null,
    "purpose": 0,
    "come_from": "",
    "remark": "HH",
    "name": "000006",
    "photos": [
      "photo/6dcadcd83e9d9d4222f0d10ae223f250e7ab30b9.jpg"
    ],
    "gender": 0,
    "end_time": 0,
    "interviewee_pinyin": ""
  },
  {
    "subject_type": 0,
    "visit_notify": false,
    "job_number": "\u674e\u958b\u5fa9",
    "title": "",
    "company_id": 1,
    "id": 9,
    "entry_date": null,
    "department": "",
    "email": "",
    "avatar": "photo/ba3421818bd9bceff9c7b4a97c7b9bca7d3e593b.jpg",
    "password_reseted": false,
    "description": "",
    "pinyin": "000008",
    "start_time": 0,
    "interviewee": "",
    "phone": "",
    "birthday": null,
    "purpose": 0,
    "come_from": "",
    "remark": "HH",
    "name": "000008",
    "photos": [
      "photo/ba3421818bd9bceff9c7b4a97c7b9bca7d3e593b.jpg"
    ],
    "gender": 0,
    "end_time": 0,
    "interviewee_pinyin": ""
  },
  {
    "subject_type": 0,
    "visit_notify": false,
    "job_number": "\u5442\u82b3\u9298",
    "title": "",
    "company_id": 1,
    "id": 10,
    "entry_date": null,
    "department": "",
    "email": "",
    "avatar": "photo/e61711bcc42b40048d8b88b732b654e5.jpg",
    "password_reseted": false,
    "description": "",
    "pinyin": "000010",
    "start_time": 0,
    "interviewee": "",
    "phone": "",
    "birthday": null,
    "purpose": 0,
    "come_from": "",
    "remark": "",
    "name": "000010",
    "photos": [
      "photo/e61711bcc42b40048d8b88b732b654e5.jpg"
    ],
    "gender": 0,
    "end_time": 0,
    "interviewee_pinyin": ""
  },
  {
    "subject_type": 0,
    "visit_notify": false,
    "job_number": "\u9ec3\u667a\u6e90",
    "title": "",
    "company_id": 1,
    "id": 62,
    "entry_date": null,
    "department": "FACA",
    "email": "",
    "avatar": "photo/8fb8d25a292edaff0636dfa784d6ed1d0df0e9f3.jpg",
    "password_reseted": false,
    "description": "",
    "pinyin": "009977",
    "start_time": 0,
    "interviewee": "",
    "phone": "",
    "birthday": null,
    "purpose": 0,
    "come_from": "",
    "remark": "CH",
    "name": "009977",
    "photos": [
      "photo/8fb8d25a292edaff0636dfa784d6ed1d0df0e9f3.jpg"
    ],
    "gender": 0,
    "end_time": 0,
    "interviewee_pinyin": ""
  },
  {
    "subject_type": 0,
    "visit_notify": false,
    "job_number": "\u6797\u7389\u52c9",
    "title": "",
    "company_id": 1,
    "id": 275,
    "entry_date": null,
    "department": "FACA",
    "email": "",
    "avatar": "photo/bcee8068150de8b7e6f85e00061e20bb80f26de5.jpg",
    "password_reseted": false,
    "description": "",
    "pinyin": "803687",
    "start_time": 0,
    "interviewee": "",
    "phone": "",
    "birthday": null,
    "purpose": 0,
    "come_from": "",
    "remark": "CH",
    "name": "803687",
    "photos": [
      "photo/bcee8068150de8b7e6f85e00061e20bb80f26de5.jpg"
    ],
    "gender": 0,
    "end_time": 0,
    "interviewee_pinyin": ""
  },
  {
    "subject_type": 0,
    "visit_notify": false,
    "job_number": "\u9673\u70b3\u69ae",
    "title": "",
    "company_id": 1,
    "id": 300,
    "entry_date": null,
    "department": "FACA",
    "email": "",
    "avatar": "photo/4ec4cb0267d1db57d689d18fe75f4def0b3e2444.jpg",
    "password_reseted": false,
    "description": "",
    "pinyin": "803900",
    "start_time": 0,
    "interviewee": "",
    "phone": "",
    "birthday": null,
    "purpose": 0,
    "come_from": "",
    "remark": "CH",
    "name": "803900",
    "photos": [
      "photo/4ec4cb0267d1db57d689d18fe75f4def0b3e2444.jpg"
    ],
    "gender": 0,
    "end_time": 0,
    "interviewee_pinyin": ""
  }
]